,class,size,label,"CD45- ,Kit- ,Ter119/CD71+","CD45- ,Kit- ,Ter119/CD71-","CD45- ,Kit+ ,Ter119/CD71+","CD45+ ,Kit+ ,Ter119/CD71+","CD45- ,Kit+ ,Ter119/CD71-","CD45+ ,Kit- ,Ter119/CD71+","CD45+ ,Kit+ ,Ter119/CD71-"
0,0.0,17245.0,9211.284488257466,1.0338817396475362,0.4301992078809035,0.9495317975036909,0.6731385103461093,0.10081846923846662,0.7565883272974906,0.16070342471158855
1,2.0,632.0,8125.976265822785,0.41028293224644635,14.994603095118544,1.6020283204081487,6.9768419799209545,23.223506904431858,2.577478674590084,13.395773035122545
2,4.0,233.0,8679.909871244636,0.7211924954580442,0.3414381318534708,2.463415597011322,1.6771029787550575,0.16295124117801266,0.3766653800349167,0.0
3,3.0,55.0,10798.818181818182,0.9172662186050133,0.7776768234537231,0.9918813928271996,2.822772797290115,2.6550796639494365,0.0,0.0
4,1.0,327.0,13355.394495412844,0.5655140462797613,4.5085571680950665,1.4566145041032632,5.897078776362134,5.78633673905204,11.400320305399713,22.185140313918073
